"","program_name","city","country","region","interim"
"1","American University in Cairo, Egypt","Cairo","Egypt","Middle East",TRUE
"2","Arts and Sciences in Legon, Ghana","Legon","Ghana","Africa",TRUE
"3","Augsburg CGEE: Decolonizing the Mind: Racial and Environmental Justice","Cape Town
Windhoek","South Africa","Africa
									Africa",TRUE
"4","Augsburg CGEE: Decolonizing the Mind: Racial and Environmental Justice","Cape Town
Windhoek","Namibia","Africa
									Africa",TRUE
"5","Augsburg CGEE: Social Change in Central America: New Activisms, Human Rights and Social Justice","Panajachel
San Jose","Guatemala","Central America
									Central America",TRUE
"6","Augsburg CGEE: Social Change in Central America: New Activisms, Human Rights and Social Justice","Panajachel
San Jose","Costa Rica","Central America
									Central America",TRUE
"7","Augsburg CGEE: Social Work in a Latin American Context","Cuernavaca","Mexico","North America",TRUE
"8","Augsburg CGEE: Student Teaching in Mexico","Cuernavaca","Mexico","North America",TRUE
"9","Augsburg CGEE:Conflict, Peace, and Transition in Northern Ireland","Derry
Londonderry","United Kingdom","Europe
									Europe",TRUE
"10","Augsburg CGEE:Conflict, Peace, and Transition in Northern Ireland","Derry
Londonderry","United Kingdom","Europe
									Europe",TRUE
"11","Barcelona SAE: Academic Study Center (SIS) Semester Program","Barcelona","Spain","Europe",TRUE
"12","Barcelona SAE: Academic Study Center (SIS) Semester Program with Internship","Barcelona","Spain","Europe",TRUE
"13","Budapest Semesters in Mathematics","Budapest","Hungary","Europe",TRUE
"14","Budapest Semesters in Mathematics Education","Budapest","Hungary","Europe",TRUE
"15","Carleton Global Engagement: Ecology and Anthropology in Tanzania","Arusha","Tanzania","Africa",TRUE
"16","CEA CAPA: Study and Intern in Sydney","Sydney","Australia","Oceania",TRUE
"17","CEA CAPA: University of Technology Sydney","Sydney","Australia","Oceania",TRUE
"18","CET Colombia: Study Abroad","Cali","Colombia","South America",TRUE
"19","Chicago Semester: Student Teaching and Seminar","Chicago, Illinois","United States","North America",TRUE
"20","CIEE Arts and Sciences Program in Cape Town, South Africa","Cape Town","South Africa","Africa",TRUE
"21","CIEE Liberal Arts Program in Rennes, France","Rennes","France","Europe",TRUE
"22","Classical Studies in Greece","Archaia Olympia
Athens
Delphi
Heraklion
Kalabaka
Nafplion
Pilos
Piraeus
Sparti
Thessaloniki","Greece","Europe
									Europe
									Europe
									Europe
									Europe
									Europe
									Europe
									Europe
									Europe
									Europe",TRUE
"23","Classical Studies in Greece","Archaia Olympia
Athens
Delphi
Heraklion
Kalabaka
Nafplion
Pilos
Piraeus
Sparti
Thessaloniki","Greece","Europe
									Europe
									Europe
									Europe
									Europe
									Europe
									Europe
									Europe
									Europe
									Europe",TRUE
"24","Classical Studies in Greece","Archaia Olympia
Athens
Delphi
Heraklion
Kalabaka
Nafplion
Pilos
Piraeus
Sparti
Thessaloniki","Greece","Europe
									Europe
									Europe
									Europe
									Europe
									Europe
									Europe
									Europe
									Europe
									Europe",TRUE
"25","Classical Studies in Greece","Archaia Olympia
Athens
Delphi
Heraklion
Kalabaka
Nafplion
Pilos
Piraeus
Sparti
Thessaloniki","Greece","Europe
									Europe
									Europe
									Europe
									Europe
									Europe
									Europe
									Europe
									Europe
									Europe",TRUE
"26","Classical Studies in Greece","Archaia Olympia
Athens
Delphi
Heraklion
Kalabaka
Nafplion
Pilos
Piraeus
Sparti
Thessaloniki","Greece","Europe
									Europe
									Europe
									Europe
									Europe
									Europe
									Europe
									Europe
									Europe
									Europe",TRUE
"27","Classical Studies in Greece","Archaia Olympia
Athens
Delphi
Heraklion
Kalabaka
Nafplion
Pilos
Piraeus
Sparti
Thessaloniki","Greece","Europe
									Europe
									Europe
									Europe
									Europe
									Europe
									Europe
									Europe
									Europe
									Europe",TRUE
"28","Classical Studies in Greece","Archaia Olympia
Athens
Delphi
Heraklion
Kalabaka
Nafplion
Pilos
Piraeus
Sparti
Thessaloniki","Greece","Europe
									Europe
									Europe
									Europe
									Europe
									Europe
									Europe
									Europe
									Europe
									Europe",TRUE
"29","Classical Studies in Greece","Archaia Olympia
Athens
Delphi
Heraklion
Kalabaka
Nafplion
Pilos
Piraeus
Sparti
Thessaloniki","Greece","Europe
									Europe
									Europe
									Europe
									Europe
									Europe
									Europe
									Europe
									Europe
									Europe",TRUE
"30","Classical Studies in Greece","Archaia Olympia
Athens
Delphi
Heraklion
Kalabaka
Nafplion
Pilos
Piraeus
Sparti
Thessaloniki","Greece","Europe
									Europe
									Europe
									Europe
									Europe
									Europe
									Europe
									Europe
									Europe
									Europe",TRUE
"31","Classical Studies in Greece","Archaia Olympia
Athens
Delphi
Heraklion
Kalabaka
Nafplion
Pilos
Piraeus
Sparti
Thessaloniki","Greece","Europe
									Europe
									Europe
									Europe
									Europe
									Europe
									Europe
									Europe
									Europe
									Europe",TRUE
"32","CMRS Oxford Humanities Program, Oxford, England","Oxford","United Kingdom","Europe",TRUE
"33","College Year in Athens, Greece","Athens","Greece","Europe",TRUE
"34","Curtin University, Perth, Australia","Perth","Australia","Australia",TRUE
"35","Dance NOW/NY Interim Experience","New York City, New York","United States","North America",TRUE
"36","DIS Copenhagen","Copenhagen","Denmark","Europe",TRUE
"37","DIS Stockholm","Stockholm","Sweden","Europe",TRUE
"38","Encountering China: Shanghai","Hangzhou
Nanjing
Shanghai","China","Asia
									Asia
									Asia",TRUE
"39","Encountering China: Shanghai","Hangzhou
Nanjing
Shanghai","China","Asia
									Asia
									Asia",TRUE
"40","Encountering China: Shanghai","Hangzhou
Nanjing
Shanghai","China","Asia
									Asia
									Asia",TRUE
"41","Encountering Japan: Tokyo","Hiroshima
Tokyo","Japan","Asia
									Asia",TRUE
"42","Encountering Japan: Tokyo","Hiroshima
Tokyo","Japan","Asia
									Asia",TRUE
"43","Environmental Science in Australia and New Zealand","Auckland
Brisbane
Melbourne
Rotorua
Sydney
Wellington","New Zealand","Oceania
									Oceania
									Oceania
									Oceania
									Oceania
									Oceania",TRUE
"44","Environmental Science in Australia and New Zealand","Auckland
Brisbane
Melbourne
Rotorua
Sydney
Wellington","Australia","Oceania
									Oceania
									Oceania
									Oceania
									Oceania
									Oceania",TRUE
"45","Environmental Science in Australia and New Zealand","Auckland
Brisbane
Melbourne
Rotorua
Sydney
Wellington","Australia","Oceania
									Oceania
									Oceania
									Oceania
									Oceania
									Oceania",TRUE
"46","Environmental Science in Australia and New Zealand","Auckland
Brisbane
Melbourne
Rotorua
Sydney
Wellington","New Zealand","Oceania
									Oceania
									Oceania
									Oceania
									Oceania
									Oceania",TRUE
"47","Environmental Science in Australia and New Zealand","Auckland
Brisbane
Melbourne
Rotorua
Sydney
Wellington","Australia","Oceania
									Oceania
									Oceania
									Oceania
									Oceania
									Oceania",TRUE
"48","Environmental Science in Australia and New Zealand","Auckland
Brisbane
Melbourne
Rotorua
Sydney
Wellington","New Zealand","Oceania
									Oceania
									Oceania
									Oceania
									Oceania
									Oceania",TRUE
"49","Gender Equality in Norway","Bergen
Oslo","Norway","Europe
									Europe",TRUE
"50","Gender Equality in Norway","Bergen
Oslo","Norway","Europe
									Europe",TRUE
"51","Global Semester","Ho Chi Minh City
Johannesburg
Quito
Windhoek","Vietnam","Asia
									Africa
									South America
									Africa",TRUE
"52","Global Semester","Ho Chi Minh City
Johannesburg
Quito
Windhoek","South Africa","Asia
									Africa
									South America
									Africa",TRUE
"53","Global Semester","Ho Chi Minh City
Johannesburg
Quito
Windhoek","Ecuador","Asia
									Africa
									South America
									Africa",TRUE
"54","Global Semester","Ho Chi Minh City
Johannesburg
Quito
Windhoek","Namibia","Asia
									Africa
									South America
									Africa",TRUE
"55","Harris Manchester College, Oxford, England","Oxford","United Kingdom","Europe",TRUE
"56","Hokusei Gakuen University Semester","Sapporo","Japan","Asia",TRUE
"57","IES Abroad London - Health Practice & Policy","London","United Kingdom","Europe",TRUE
"58","IES Abroad London - Study London","London","United Kingdom","Europe",TRUE
"59","IES Abroad London - Theater Studies","London","United Kingdom","Europe",TRUE
"60","IES Abroad London Direct Enrollment – Queen Mary, University of London","London","United Kingdom","Europe",TRUE
"61","IES Abroad Milan - Business Studies","Milan","Italy","Europe",TRUE
"62","IES Abroad Milan - Fashion Design & Merchandising","Milan","Italy","Europe",TRUE
"63","IES Abroad Milan - Italy Today","Milan","Italy","Europe",TRUE
"64","IES Abroad Milan - Music: Voice, Composition & Instrumental","Milan","Italy","Europe",TRUE
"65","IES Abroad Paris - French Studies","Paris","France","Europe",TRUE
"66","IES Advanced Spanish Immersion, Buenos Aires, Argentina","Buenos Aires","Argentina","Latin America",TRUE
"67","IES Latin American Societies and Cultures, Buenos Aires, Argentina","Buenos Aires","Argentina","Latin America",TRUE
"68","Interdisciplinary French Studies in Paris","Paris","France","Europe",TRUE
"69","Japan Studies, Waseda University, Tokyo, Japan","Tokyo","Japan","Asia",TRUE
"70","Lancaster University, England","Lancaster","United Kingdom","Europe",TRUE
"71","Liberal Arts Program, Seville, Spain","Seville","Spain","Europe",TRUE
"72","Living Faith: Theology and Practice at Holden Village","Chelan, Washington","United States","North America",TRUE
"73","London School of Economics and Political Science, London, England","London","United Kingdom","Europe",TRUE
"74","Lutheran College Washington Semester","Washington, D.C.","United States","North America",TRUE
"75","Marine Ecology Research in Jamaica","Discovery Bay","Jamaica","The Caribbean",TRUE
"76","Middlebury in Mainz, Germany","Mainz","Germany","Europe",TRUE
"77","Middlebury in Yaoundé, Cameroon","Yaounde","Cameroon","Africa",TRUE
"78","National Student Exchange (NSE): Canada","Various Cities","Canada","North America",TRUE
"79","National Student Exchange (NSE): U.S. and Territories","Various Cities","United States","North America",TRUE
"80","Number Theory - Budapest","Budapest","Hungary","Europe",TRUE
"81","NUPACE Program, Nagoya, Japan","Nagoya","Japan","Asia",TRUE
"82","O'Keeffe and Arts of New Mexico","Abiquiu
Albuquerque
Santa Fe
Taos","United States","North America
									North America
									North America
									North America",TRUE
"83","O'Keeffe and Arts of New Mexico","Abiquiu
Albuquerque
Santa Fe
Taos","United States","North America
									North America
									North America
									North America",TRUE
"84","O'Keeffe and Arts of New Mexico","Abiquiu
Albuquerque
Santa Fe
Taos","United States","North America
									North America
									North America
									North America",TRUE
"85","O'Keeffe and Arts of New Mexico","Abiquiu
Albuquerque
Santa Fe
Taos","United States","North America
									North America
									North America
									North America",TRUE
"86","Oregon Extension, Ashland, OR","Ashland, Oregon","United States","North America",TRUE
"87","Oslo International Summer School, Norway","Oslo","Norway","Europe",TRUE
"88","Perspectives on Flamenco in Spain","Cordoba
Granada
Madrid
Seville","Spain","Europe
									Europe
									Europe
									Europe",TRUE
"89","Perspectives on Flamenco in Spain","Cordoba
Granada
Madrid
Seville","Spain","Europe
									Europe
									Europe
									Europe",TRUE
"90","Perspectives on Flamenco in Spain","Cordoba
Granada
Madrid
Seville","Spain","Europe
									Europe
									Europe
									Europe",TRUE
"91","Perspectives on Flamenco in Spain","Cordoba
Granada
Madrid
Seville","Spain","Europe
									Europe
									Europe
									Europe",TRUE
"92","Politics and Environment in Puerto Rico","Lajas
Ponce
San Juan","Puerto Rico","North America
									Caribbean
									Caribbean",TRUE
"93","Politics and Environment in Puerto Rico","Lajas
Ponce
San Juan","Puerto Rico","North America
									Caribbean
									Caribbean",TRUE
"94","Politics and Environment in Puerto Rico","Lajas
Ponce
San Juan","Puerto Rico","North America
									Caribbean
									Caribbean",TRUE
"95","Reformations in Germany and Spain","Barcelona
Berlin
Granada
Madrid
Wittenberg","Spain","Europe
									Europe
									Europe
									Europe
									Europe",TRUE
"96","Reformations in Germany and Spain","Barcelona
Berlin
Granada
Madrid
Wittenberg","Germany","Europe
									Europe
									Europe
									Europe
									Europe",TRUE
"97","Reformations in Germany and Spain","Barcelona
Berlin
Granada
Madrid
Wittenberg","Spain","Europe
									Europe
									Europe
									Europe
									Europe",TRUE
"98","Reformations in Germany and Spain","Barcelona
Berlin
Granada
Madrid
Wittenberg","Spain","Europe
									Europe
									Europe
									Europe
									Europe",TRUE
"99","Reformations in Germany and Spain","Barcelona
Berlin
Granada
Madrid
Wittenberg","Germany","Europe
									Europe
									Europe
									Europe
									Europe",TRUE
"100","Shifting Borders: Mapping Linguistic Landscapes of Northern Germany","Flensburg
Hamburg","Germany","Europe
									Europe",TRUE
"101","Shifting Borders: Mapping Linguistic Landscapes of Northern Germany","Flensburg
Hamburg","Germany","Europe
									Europe",TRUE
"102","SIT Kenya: Global Health and Human Rights","Kisumu","Kenya","Africa",TRUE
"103","SIT Mexico: Migration, Borders, and Transnational Communities","Oaxaca
Tucson","Mexico","North America
									North America",TRUE
"104","SIT Mexico: Migration, Borders, and Transnational Communities","Oaxaca
Tucson","United States","North America
									North America",TRUE
"105","Soccer in England","Liverpool
London
Manchester","United Kingdom","Europe
									Europe
									Europe",TRUE
"106","Soccer in England","Liverpool
London
Manchester","United Kingdom","Europe
									Europe
									Europe",TRUE
"107","Soccer in England","Liverpool
London
Manchester","United Kingdom","Europe
									Europe
									Europe",TRUE
"108","Social Issues in South Africa","Cape Town
Johannesburg","South Africa","Africa
									Africa",TRUE
"109","Social Issues in South Africa","Cape Town
Johannesburg","South Africa","Africa
									Africa",TRUE
"110","SRAS: Russian as a Second Language, Georgia","Tbilisi","Georgia","Europe",TRUE
"111","SRAS: Russian as a Second Language, Kyrgyzstan","Bishkek","Kyrgyzstan","Asia",TRUE
"112","SRAS: Russian as a Second Language, Latvia","Riga","Latvia","Europe",TRUE
"113","Student Teaching, Kodaikanal Int'l School, India","Kodaikanal","India","Asia",TRUE
"114","Student Teaching, Woodstock Int'l School, India","Mussoorie","India","Asia",TRUE
"115","Sustainable Land Use in Costa Rica","La Selva
Monteverde
San Jose","Costa Rica","Central America
									Central America
									Central America",TRUE
"116","Sustainable Land Use in Costa Rica","La Selva
Monteverde
San Jose","Costa Rica","Central America
									Central America
									Central America",TRUE
"117","Sustainable Land Use in Costa Rica","La Selva
Monteverde
San Jose","Costa Rica","Central America
									Central America
									Central America",TRUE
"118","Term in China","Shanghai","China","Asia",TRUE
"119","Term in Taiwan","Taipei","Taiwan","Asia",TRUE
"120","The Journey North: Migrations To, From, and Within Norway","Bodo
Oslo
Snasa
Stavanger
Trondheim","Norway","Europe
									Europe
									Europe
									Europe
									Europe",TRUE
"121","The Journey North: Migrations To, From, and Within Norway","Bodo
Oslo
Snasa
Stavanger
Trondheim","Norway","Europe
									Europe
									Europe
									Europe
									Europe",TRUE
"122","The Journey North: Migrations To, From, and Within Norway","Bodo
Oslo
Snasa
Stavanger
Trondheim","Norway","Europe
									Europe
									Europe
									Europe
									Europe",TRUE
"123","The Journey North: Migrations To, From, and Within Norway","Bodo
Oslo
Snasa
Stavanger
Trondheim","Norway","Europe
									Europe
									Europe
									Europe
									Europe",TRUE
"124","The Journey North: Migrations To, From, and Within Norway","Bodo
Oslo
Snasa
Stavanger
Trondheim","Norway","Europe
									Europe
									Europe
									Europe
									Europe",TRUE
"125","Theater in London","London
Stratford-upon-Avon","United Kingdom","Europe
									Europe",TRUE
"126","Theater in London","London
Stratford-upon-Avon","United Kingdom","Europe
									Europe",TRUE
"127","Trinity College, Dublin, Ireland","Dublin","Ireland","Europe",TRUE
"128","University College Dublin, Ireland","Dublin","Ireland","Europe",TRUE
"129","University of Aberdeen, Scotland","Aberdeen","United Kingdom","Europe",TRUE
"130","University of Dundee, Scotland","Dundee","United Kingdom","Europe",TRUE
"131","University of East Anglia, England","Norwich","United Kingdom","Europe",TRUE
"132","University of Galway, Ireland","Galway","Ireland","Europe",TRUE
"133","University of Konstanz, Germany","Konstanz","Germany","Europe",TRUE
"134","University of Oslo, Norway","Oslo","Norway","Europe",TRUE
"135","University of Otago, Dunedin, New Zealand","Dunedin","New Zealand","Oceania",TRUE
"136","University of Southeastern Norway","Telemark","Norway","Europe",TRUE
"137","Urban Schools and Communities","Northfield, MN
Saint Paul","United States","North America
									North America",TRUE
"138","Urban Schools and Communities","Northfield, MN
Saint Paul","United States","North America
									North America",TRUE
"139","Washington D.C. Politics and Intl Relations Practicum","Washington, D.C.","United States","North America",TRUE
"140","Webster University in Vienna","Vienna","Austria","Europe",TRUE
"141","World Courts in Europe","Geneva
Luxembourg
Strasbourg
The Hague","Switzerland","Europe
									Europe
									Europe
									Europe",TRUE
"142","World Courts in Europe","Geneva
Luxembourg
Strasbourg
The Hague","Luxembourg","Europe
									Europe
									Europe
									Europe",TRUE
"143","World Courts in Europe","Geneva
Luxembourg
Strasbourg
The Hague","France","Europe
									Europe
									Europe
									Europe",TRUE
"144","World Courts in Europe","Geneva
Luxembourg
Strasbourg
The Hague","Netherlands","Europe
									Europe
									Europe
									Europe",TRUE
"145","Yonsei University, Seoul, South Korea","Seoul","South Korea","Asia",TRUE
